UPC,Price
30937324276,$179.99
30937322548,$3.32
30937318398,$36.92
30937018038,$19.30
030937005069,$375.65
10030937324587,$61.40
030937320742,$20.43
30937322128,$292.11
52134103607,$7.72
52134180035,$6.24
52134120604,$8.17
30937324658,$7.17
030937321336,$9.95
,$66.00
030937322234,$52.45
,$30.49
52134180042,$6.24
,$14.20
30937111913,$18.19
30937319968,$10.28
030937319937,$5.96
030937320438,$25.33
030937322142,$26.44
30937323569,$13.60
30937313546,$106.81
030937498755,$126.33
030937320698,$47.52
030937325013,$90.28
30937323521,$22.90
030937332837,$21.49
30937323590,$17.20
52134224043,$12.32
30937323514,$49.20
030937342102,$69.99
52134100606,$7.99
30937322111,$255.60
030937322470,$32.52
,$149.99
030937322258,$12.50
52134109609,$9.77
30937323453,$39.97
030937328366,$7.55
52134020102,$7.20
52134020096,$7.20
030937322500,$29.44
030937328342,$7.55
030937322319,$15.66
030937322197,$167.00
30937320292,$12.08
030937391025,$81.42
030937322487,$18.12
030937320353,$25.33
30937303103,$36.23
52134020089,$11.02
030937338907,$22.36
30937316639,$3.05
30937319975,$22.99
30937323613,$14.20
30937307132,$129.86
30937322135,$20.32
30937317766,$24.21
30937324481,$107.20
030937324696,$26.64
,$22.00
,$9.99
030937320445,$23.40
030937323996,$272.10
30937353054,$467.75
,$22.33
30937323606,$17.60
030937322265,$12.49
030937322203,$179.00
030937320407,$16.16
30937319371,$5.92
30937324443,$47.70
,$56.09
,$65.83
30937332042,$27.69
030937322296,$13.18
30937332059,$15.47
,$55.47
30937332851,$588.02
30937323491,$21.80
30937322562,$12.52
30937325525,$8.59
30937316516,$109.34
,$352.73
30937325464,$6.93
030937307491,$74.84
30937319388,$0.72
30937313720,$402.98
30937322593,$7.79
30937316493,$174.27
030937320513,$19.15
030937354082,$34.24
30937002181,$18.38
,$121.49
,$18.01
30937323576,$13.60
30937303394,$32.55
30937308184,$13.12
,$14.54
30937314109,$54.24
030937322289,$15.38
30937112606,$21.92
30937323606,$17.60
,$17.12
30937311597,$145.68
30937111937,$18.34
30937322166,$33.91
30937319364,$5.71
030937328373,$7.55
30937321893,$10.25
30937322579,$23.15
030937328359,$7.55
030937320414,$25.33
030937005168,$416.85
30937353078,$241.03
30937325129,$23.94
,$453.27
30937314024,$78.85
,$3.49
30937111906,$11.75
30937311627,$122.48
30937308504,$121.49
030937320421,$23.40
30937313706,$318.15
30937322357,$7.79
30937307507,$15.79
030937320377,$23.40
,$142.29
,$8.00
,$9.45
030937500144,$40.45
,$10.90
30937323156,$140.32
30937300904,$102.20
30937312181,$21.66
30937303653,$16.11
030937322494,$22.06
,$18.73
,$36.01
30937302250,$66.75
30937311603,$146.55
30937316547,$132.50
030937325464,$6.93
30937102881,$92.99
30937316530,$109.34
,$39.67
30937346728,$152.64
,$255.54
30937333032,$729.02
,$44.36
30937314093,$54.48
,$64.40
030937326003,$17.16
30937316738,$12.27
30937301963,$22.47
,$3.17
,$7.93
,$38.05
,$33.50
,$31.65
,$36.18
,$69.84
30937313942,$81.92
30937303677,$31.70
30937303813,$13.74
30937301925,$4.90
30937311696,$74.70
30937167514,$10.75
30937310477,$37.70
30937343291,$8.93
30937310163,$29.87
30937303387,$18.73
30937301260,$7.85
30937314161,$8.00
30937319029,$6.29
30937302755,$122.56
30937301468,$35.80
30937314291,$10.90
30937307736,$51.71
30937318060,$29.10
30937316431,$12.80
30937324597,$62.60
30937311641,$132.87
,$32.52
30937332974,$705.28
30937332905,$656.31
30937332912,$684.36
30937316776,$38.05
30937312105,$38.75
30937318237,$51.38
030937320964,$6.19
030937500113,$34.10
30937302724,$58.50
30937332134,$682.50
30937332875,$645.52
30937332882,$669.66
30937332110,$653.66
30937332165,$705.05
30937332189,$658.34
30937332127,$630.79
,$102.95
,$62.89
30937332158,$646.77
,$29.10
,$7.66
,$40.70
30937332868,$629.60
,$29.10
,$2.76
,$80.10
,$12.80
,$6.75
,$4.00
030937354075,$167.25
030937354068,$234.16
30937301956,$20.89
30937344830,$62.83
30937332141,$629.76
,$35.70
30937326188,$7.33
,$497.50
30937307200,$22.20
30937309136,$59.75
30937308788,$32.22
30937309198,$67.40
30937348944,$124.80
30937307248,$21.10
30937308849,$50.90
,$20.00
30937312235,$42.89
30937309464,$41.75
30937308993,$28.65
30937309655,$28.30
,$42.08
30937300317,$431.33
30937316783,$102.95
30937317896,$69.84
,$306.91
30937316790,$102.95
30937317919,$40.70
30937309532,$50.30
30937318053,$29.10
,$67.26
30937318084,$29.10
30937317902,$80.10
30937305763,$618.23
30937307392,$120.62
30937312044,$45.29
030937320551,$19.15
,$52.46
30937318374,$82.08
030937321428,$7.86
30937312297,$18.92
30937316677,$201.70
30937316608,$115.15
30937312068,$45.29
30937324740,$845.88
030937320841,$27.20
30937312730,$25.90
30937310873,$68.49
30937316622,$206.25
,$22.22
30937310897,$68.49
30937310934,$67.54
30937310910,$37.05
30937310965,$51.95
30937316400,$12.45
30937314185,$9.45
30937310880,$67.54
30937301611,$20.00
30937310927,$40.35
30937314192,$9.70
30937305497,$147.77
30937310996,$68.49
30937316417,$22.15
30937314123,$26.35
30937314208,$17.09
030937321473,$17.21
30937316769,$97.77
30937305701,$248.42
030937321442,$8.27
030937320797,$35.10
30937316387,$12.45
30937308894,$53.80
30937312501,$23.76
30937312518,$24.96
30937309082,$51.45
030937321640,$10.82
030937320810,$41.42
30937308993,$28.65
30937312549,$75.98
30937308986,$38.14
30937312600,$38.04
30937309136,$44.81
30937312556,$28.78
30937309129,$33.15
30937312617,$20.42
30937312570,$18.25
30937309518,$54.15
30937312525,$34.90
30937311863,$5.27
30937309143,$52.64
30937312594,$17.69
30937311856,$14.16
30937321558,$8.02
30937310422,$24.10
30937307750,$78.94
30937310620,$36.30
30937310644,$36.30
30937310316,$42.34
30937310538,$31.30
30937310637,$36.18
30937304162,$466.79
30937310606,$39.22
30937310408,$28.30
30937310613,$38.02
30937310798,$37.30
30937316479,$158.73
30937310729,$27.60
30937310590,$30.40
30937304001,$30.15
30937310545,$31.30
30937308450,$95.99
30937303875,$4.76
30937306197,$177.89
30937310828,$37.05
30937300614,$12.00
30937303554,$236.48
30937307248,$21.10
30937308870,$43.80
30937316523,$109.34
30937307200,$22.20
30937312655,$25.58
30937309464,$31.31
30937309570,$49.40
30937310811,$66.50
30937309648,$8.20
30937310835,$53.28
30937308948,$44.80
30937308863,$55.04
30937309761,$32.27
30937309815,$92.78
30937309877,$30.32
,$27.43
,$206.25
30937314468,$30.07
,$283.49
30937344144,$29.99
030937322241,$32.40
030937325945,$92.60
030937500120,$32.52
,$115.15
,$102.95
,$201.70
30937332943,$728.53
30937332196,$686.39
30937332981,$646.49
30937332998,$668.76
30937333025,$690.64
30937316721,$498.23
30937333063,$726.99
30937304018,$16.12
30937333056,$688.61
30937308474,$39.67
30937333018,$663.55
30937312006,$20.20
30937312181,$27.85
30937006585,$68.20
30937333001,$704.39
30937325907,$23.65
030937320988,$5.36
30937332950,$647.51
30937333049,$661.52
30937324610,$71.70
30937305152,$12.10
30937312716,$25.20
30937307156,$228.70
30937347817,$332.27
030937322272,$14.07
30937322371,$23.15
30937323613,$14.20
030937308399,$33.10
30937332899,$637.61
30937318121,$27.70
030937320476,$4.84
30937312204,$124.22
30937322364,$12.52
30937304551,$22.20
